id;name;phone;email;license_number
1;amid;"5719629546";Adelbert51@hotmail.com;syndicate
2;fearless;"0457274507";Rafael.Koepp94@gmail.com;activate while
3;bright abaft accidentally;"1498158293";Herbert.Bradtke9@yahoo.com;evenX
4;er woot promptly;"4174618305";Eldora_Kilback@hotmail.com;fatherly
5;soon recline;"9656978358";Bryce71@gmail.com;boo soprano annually
6;oof than searchingly;"7348786009";Nasir32@yahoo.com;obediently each
7;whoa qua;"0282299852";Mathias.Hansen20@yahoo.com;mehXX
8;who obesity without;"7464497159";Velda6@yahoo.com;absent oil
9;indeed so;"6057349599";Chet_Wisoky87@hotmail.com;cowboy rigidly galvanize
10;vast like drat;"5387146446";Leonie.Crist@gmail.com;alongside unto
