id;name;phone;email;address
1;conclude;"8630788047";Abe8@gmail.com;rivet duh ah
2;than since phooey;"2760666044";Nellie46@yahoo.com;fancy sadly female
3;yuck;"8149159311";Rogers_Purdy0@yahoo.com;measly calmly snob
4;unrealistic even airspace;"5743899712";Eva.Leannon9@hotmail.com;tangible
5;given;"1553830379";Madelyn.Hartmann10@hotmail.com;nuzzle
6;might;"6655102741";Jazmin_Powlowski60@yahoo.com;correctly ick french
7;reoffend;"2880971851";Desmond.Graham60@gmail.com;procreate gleefully
8;whose free;"1369721048";Jorge_Fritsch97@yahoo.com;mid butane defrost
9;oddly as hence;"8125367802";Darby.Wuckert@gmail.com;pfft
10;sake whether;"9798797430";Fermin.Bergnaum@gmail.com;um
